Workbook

Sheet Dashboard
A1: HealthQueue SLO & Error Budget Dashboard
A2: 30-day window: 1-30 September 2026. Built by scripts/build_slo_workbook.py.
A3: SYNTHETIC monthly data for the assignment - not real production measurements. See Observed_Local for real local load tests.
A5: SLI | B5: SLO | C5: Observed | D5: Budget used | E5: Budget remaining | F5: Status | G5: Unit
A6: =Error_Budget!A6 -> Availability (request-based) | B6: =Error_Budget!B6 -> 0.999 | C6: =Error_Budget!E6 -> 0.99908149 | D6: =Error_Budget!H6 -> 0.91850931 | E6: =Error_Budget!J6 -> 0.081490687 | F6: =Error_Budget!K6 -> FREEZE risky releases | G6: =Error_Budget!L6 -> requests
A7: =Error_Budget!A7 -> Latency (< 300 ms) | B7: =Error_Budget!B7 -> 0.99 | C7: =Error_Budget!E7 -> 0.99510064 | D7: =Error_Budget!H7 -> 0.48993596 | E7: =Error_Budget!J7 -> 0.51006404 | F7: =Error_Budget!K7 -> HEALTHY | G7: =Error_Budget!L7 -> requests
A8: =Error_Budget!A8 -> Successful valid submissions | B8: =Error_Budget!B8 -> 0.995 | C8: =Error_Budget!E8 -> 0.99696107 | D8: =Error_Budget!H8 -> 0.60778544 | E8: =Error_Budget!J8 -> 0.39221456 | F8: =Error_Budget!K8 -> CAUTION - extra review | G8: =Error_Budget!L8 -> submissions
A9: =Error_Budget!A9 -> Availability (time-based) | B9: =Error_Budget!B9 -> 0.999 | C9: =Error_Budget!E9 -> 0.99928241 | D9: =Error_Budget!H9 -> 0.71759259 | E9: =Error_Budget!J9 -> 0.28240741 | F9: =Error_Budget!K9 -> CAUTION - extra review | G9: =Error_Budget!L9 -> minutes
A11: Allowed downtime for 99.9% over 30 days (minutes) | E11: =Window_Targets!B10 -> 43.2
A12: Independent calculation checks | E12: =Checks!B3 -> ALL CHECKS PASS

Sheet Window_Targets
A1: Measurement window, targets and allowed downtime
A2: Blue cells are design inputs (editable). Everything else is calculated.
A3: Parameter | B3: Value | C3: Explanation
A4: Measurement window (days) | B4: 30 | C4: Rolling 30-day window, evaluated daily.
A5: Minutes in window | B5: =B4*24*60 -> 43200 | C5: 30 x 24 x 60 = 43,200 minutes.
A6: Availability SLO target | B6: 0.999 | C6: Proposed design decision (not mandated by the assignment): 99.9% of eligible requests succeed.
A7: Latency SLO target | B7: 0.99 | C7: 99% of eligible requests complete in under the threshold.
A8: Latency threshold (ms) | B8: 300 | C8: Matches the le=0.3 histogram bucket exposed by the API.
A9: Submission SLO target | B9: 0.995 | C9: 99.5% of VALID booking attempts get a correct answer (201 booked or 409 slot taken).
A10: Allowed downtime in window (minutes) | B10: =B5*(1-B6) -> 43.2 | C10: Time-based budget: 43,200 x (1 - 0.999) = 43.2 minutes per 30 days.
A11: Allowed downtime in window (hours) | B11: =B10/60 -> 0.72 | C11: 43.2 / 60 = 0.72 hours.
A13: What different availability targets would allow (time-based, per window)
A14: Availability target | B14: Allowed downtime / window (min) | C14: Allowed downtime / week (min)
A15: 0.99 | B15: =$B$5*(1-A15) -> 432 | C15: =7*24*60*(1-A15) -> 100.8
A16: 0.995 | B16: =$B$5*(1-A16) -> 216 | C16: =7*24*60*(1-A16) -> 50.4
A17: 0.999 | B17: =$B$5*(1-A17) -> 43.2 | C17: =7*24*60*(1-A17) -> 10.08
A18: 0.9995 | B18: =$B$5*(1-A18) -> 21.6 | C18: =7*24*60*(1-A18) -> 5.04
A19: 0.9999 | B19: =$B$5*(1-A19) -> 4.32 | C19: =7*24*60*(1-A19) -> 1.008
A20: Policy: CAUTION when budget remaining is below | B20: 0.5 | C20: See the Error_Budget_Policy sheet for what each state means.
A21: Policy: FREEZE risky releases when remaining is below | B21: 0.25

Sheet SLI_Definitions
A1: SLI / SLO definitions
A2: Each SLI = good events / eligible events, measured by the API's Prometheus metrics.
A4: SLI | B4: User journey | C4: Numerator (good events) | D4: Denominator (eligible events) | E4: Excluded (not eligible) | F4: Window | G4: Success criterion | H4: SLO target | I4: PromQL (30-day)
A5: Availability (request-based) | B5: Any patient-facing API call | C5: Eligible /v1 requests answered with a non-5xx status | D5: All requests to /v1/* routes | E5: /healthz, /readyz, /metrics (operational endpoints); 4xx count as GOOD because the service worked correctly | F5: 30-day rolling | G5: status < 500 | H5: =Window_Targets!B6 -> 0.999 | I5: sum(rate(healthqueue_http_requests_total{route=~"/v1/.*",status!~"5.."}[30d])) / sum(rate(healthqueue_http_requests_total{route=~"/v1/.*"}[30d]))
A6: Availability (time-based) | B6: Can a patient reach the API at all? | C6: Probe minutes in which the synthetic check succeeded | D6: All minutes in the window (43,200) | E6: Announced maintenance (none planned) | F6: 30-day rolling | G6: probe returns 200 within 2 s | H6: =Window_Targets!B6 -> 0.999 | I6: 1 - (bad_minutes / 43200) (from blackbox probe: probe_success)
A7: Latency | B7: Booking/lookup feels fast | C7: Eligible /v1 requests completed in < 300 ms (server-side) | D7: All requests to /v1/* routes | E7: Operational endpoints | F7: 30-day rolling | G7: duration < 0.3 s | H7: =Window_Targets!B7 -> 0.99 | I7: sum(rate(healthqueue_http_request_duration_seconds_bucket{route=~"/v1/.*",le="0.3"}[30d])) / sum(rate(healthqueue_http_request_duration_seconds_count{route=~"/v1/.*"}[30d]))
A8: Successful valid submissions | B8: A patient books an appointment | C8: Valid POST /v1/appointments answered correctly: 201 created or 409 slot taken | D8: Valid booking attempts = created + conflict + server error | E8: 422 validation rejections (client mistakes, not service failures) | F8: 30-day rolling | G8: outcome in {created, conflict} | H8: =Window_Targets!B9 -> 0.995 | I8: sum(increase(healthqueue_appointment_submissions_total{outcome=~"created|conflict"}[30d])) / sum(increase(healthqueue_appointment_submissions_total{outcome=~"created|conflict|error"}[30d]))
A10: Why request-based AND time-based? Request-based budgets count failed requests (e.g. 1,036 allowed errors out of ~1.04 M requests). Time-based budgets count minutes of downtime (43.2 min per 30 days). They answer different questions and are never mixed: a request failure is NOT a minute of downtime.

Sheet Synthetic_Daily
A1: Daily SLI data - September 2026
A2: Generated by scripts/generate_slo_data.py (fixed seed).
A3: SYNTHETIC DATA - simulated for this assignment, NOT real HealthQueue production measurements.
A5: Date | B5: Eligible requests | C5: 5xx errors | D5: Slow requests (>=300 ms) | E5: Valid submissions | F5: Failed submissions | G5: Probe minutes | H5: Bad minutes | I5: Incident note | J5: Daily availability SLI | K5: Daily latency SLI | L5: Daily submission SLI | M5: Cumulative availability budget used | N5: Cumulative downtime budget used | O5: Availability target
A6: 46266 | B6: 42097 | C6: 13 | D6: 183 | E6: 2445 | F6: 1 | G6: 1440 | H6: 0 | J6: =1-C6/B6 -> 0.99969119 | K6: =1-D6/B6 -> 0.9956529 | L6: =1-F6/E6 -> 0.999591 | M6: =SUM($C$6:C6)/Error_Budget!$F$6 -> 0.012542669 | N6: =SUM($H$6:H6)/Error_Budget!$F$9 -> 0 | O6: =Window_Targets!$B$6 -> 0.999
A7: 46267 | B7: 41707 | C7: 15 | D7: 195 | E7: 2433 | F7: 1 | G7: 1440 | H7: 0 | J7: =1-C7/B7 -> 0.99964035 | K7: =1-D7/B7 -> 0.99532453 | L7: =1-F7/E7 -> 0.99958898 | M7: =SUM($C$6:C7)/Error_Budget!$F$6 -> 0.02701498 | N7: =SUM($H$6:H7)/Error_Budget!$F$9 -> 0 | O7: =Window_Targets!$B$6 -> 0.999
A8: 46268 | B8: 41382 | C8: 12 | D8: 156 | E8: 2357 | F8: 1 | G8: 1440 | H8: 0 | J8: =1-C8/B8 -> 0.99971002 | K8: =1-D8/B8 -> 0.99623025 | L8: =1-F8/E8 -> 0.99957573 | M8: =SUM($C$6:C8)/Error_Budget!$F$6 -> 0.038592828 | N8: =SUM($H$6:H8)/Error_Budget!$F$9 -> 0 | O8: =Window_Targets!$B$6 -> 0.999
A9: 46269 | B9: 42961 | C9: 13 | D9: 194 | E9: 2394 | F9: 2 | G9: 1440 | H9: 0 | J9: =1-C9/B9 -> 0.9996974 | K9: =1-D9/B9 -> 0.99548428 | L9: =1-F9/E9 -> 0.99916458 | M9: =SUM($C$6:C9)/Error_Budget!$F$6 -> 0.051135497 | N9: =SUM($H$6:H9)/Error_Budget!$F$9 -> 0 | O9: =Window_Targets!$B$6 -> 0.999
A10: 46270 | B10: 12611 | C10: 4 | D10: 58 | E10: 703 | F10: 0 | G10: 1440 | H10: 0 | J10: =1-C10/B10 -> 0.99968282 | K10: =1-D10/B10 -> 0.99540084 | L10: =1-F10/E10 -> 1 | M10: =SUM($C$6:C10)/Error_Budget!$F$6 -> 0.05499478 | N10: =SUM($H$6:H10)/Error_Budget!$F$9 -> 0 | O10: =Window_Targets!$B$6 -> 0.999
A11: 46271 | B11: 16246 | C11: 3 | D11: 66 | E11: 983 | F11: 0 | G11: 1440 | H11: 0 | J11: =1-C11/B11 -> 0.99981534 | K11: =1-D11/B11 -> 0.99593746 | L11: =1-F11/E11 -> 1 | M11: =SUM($C$6:C11)/Error_Budget!$F$6 -> 0.057889242 | N11: =SUM($H$6:H11)/Error_Budget!$F$9 -> 0 | O11: =Window_Targets!$B$6 -> 0.999
A12: 46272 | B12: 38999 | C12: 13 | D12: 179 | E12: 2409 | F12: 1 | G12: 1440 | H12: 0 | J12: =1-C12/B12 -> 0.99966666 | K12: =1-D12/B12 -> 0.99541014 | L12: =1-F12/E12 -> 0.99958489 | M12: =SUM($C$6:C12)/Error_Budget!$F$6 -> 0.070431912 | N12: =SUM($H$6:H12)/Error_Budget!$F$9 -> 0 | O12: =Window_Targets!$B$6 -> 0.999
A13: 46273 | B13: 43016 | C13: 10 | D13: 210 | E13: 2754 | F13: 1 | G13: 1440 | H13: 0 | J13: =1-C13/B13 -> 0.99976753 | K13: =1-D13/B13 -> 0.9951181 | L13: =1-F13/E13 -> 0.99963689 | M13: =SUM($C$6:C13)/Error_Budget!$F$6 -> 0.080080119 | N13: =SUM($H$6:H13)/Error_Budget!$F$9 -> 0 | O13: =Window_Targets!$B$6 -> 0.999
A14: 46274 | B14: 38484 | C14: 8 | D14: 147 | E14: 2219 | F14: 1 | G14: 1440 | H14: 0 | J14: =1-C14/B14 -> 0.99979212 | K14: =1-D14/B14 -> 0.99618023 | L14: =1-F14/E14 -> 0.99954935 | M14: =SUM($C$6:C14)/Error_Budget!$F$6 -> 0.087798684 | N14: =SUM($H$6:H14)/Error_Budget!$F$9 -> 0 | O14: =Window_Targets!$B$6 -> 0.999
A15: 46275 | B15: 43029 | C15: 17 | D15: 151 | E15: 2728 | F15: 2 | G15: 1440 | H15: 0 | J15: =1-C15/B15 -> 0.99960492 | K15: =1-D15/B15 -> 0.99649074 | L15: =1-F15/E15 -> 0.99926686 | M15: =SUM($C$6:C15)/Error_Budget!$F$6 -> 0.10420064 | N15: =SUM($H$6:H15)/Error_Budget!$F$9 -> 0 | O15: =Window_Targets!$B$6 -> 0.999
A16: 46276 | B16: 39664 | C16: 10 | D16: 170 | E16: 2296 | F16: 1 | G16: 1440 | H16: 0 | J16: =1-C16/B16 -> 0.99974788 | K16: =1-D16/B16 -> 0.995714 | L16: =1-F16/E16 -> 0.99956446 | M16: =SUM($C$6:C16)/Error_Budget!$F$6 -> 0.11384884 | N16: =SUM($H$6:H16)/Error_Budget!$F$9 -> 0 | O16: =Window_Targets!$B$6 -> 0.999
A17: 46277 | B17: 13008 | C17: 454 | D17: 47 | E17: 844 | F17: 120 | G17: 1440 | H17: 22 | I17: INC-201 PostgreSQL failover: 5xx burst for ~22 min | J17: =1-C17/B17 -> 0.9650984 | K17: =1-D17/B17 -> 0.99638684 | L17: =1-F17/E17 -> 0.85781991 | M17: =SUM($C$6:C17)/Error_Budget!$F$6 -> 0.55187744 | N17: =SUM($H$6:H17)/Error_Budget!$F$9 -> 0.50925926 | O17: =Window_Targets!$B$6 -> 0.999
A18: 46278 | B18: 14980 | C18: 3 | D18: 54 | E18: 920 | F18: 1 | G18: 1440 | H18: 0 | J18: =1-C18/B18 -> 0.99979973 | K18: =1-D18/B18 -> 0.99639519 | L18: =1-F18/E18 -> 0.99891304 | M18: =SUM($C$6:C18)/Error_Budget!$F$6 -> 0.55477191 | N18: =SUM($H$6:H18)/Error_Budget!$F$9 -> 0.50925926 | O18: =Window_Targets!$B$6 -> 0.999
A19: 46279 | B19: 45108 | C19: 16 | D19: 196 | E19: 2716 | F19: 2 | G19: 1440 | H19: 0 | J19: =1-C19/B19 -> 0.9996453 | K19: =1-D19/B19 -> 0.99565487 | L19: =1-F19/E19 -> 0.99926362 | M19: =SUM($C$6:C19)/Error_Budget!$F$6 -> 0.57020904 | N19: =SUM($H$6:H19)/Error_Budget!$F$9 -> 0.50925926 | O19: =Window_Targets!$B$6 -> 0.999
A20: 46280 | B20: 41000 | C20: 11 | D20: 173 | E20: 2495 | F20: 1 | G20: 1440 | H20: 0 | J20: =1-C20/B20 -> 0.99973171 | K20: =1-D20/B20 -> 0.99578049 | L20: =1-F20/E20 -> 0.9995992 | M20: =SUM($C$6:C20)/Error_Budget!$F$6 -> 0.58082207 | N20: =SUM($H$6:H20)/Error_Budget!$F$9 -> 0.50925926 | O20: =Window_Targets!$B$6 -> 0.999
A21: 46281 | B21: 43948 | C21: 12 | D21: 204 | E21: 2694 | F21: 1 | G21: 1440 | H21: 0 | J21: =1-C21/B21 -> 0.99972695 | K21: =1-D21/B21 -> 0.99535815 | L21: =1-F21/E21 -> 0.9996288 | M21: =SUM($C$6:C21)/Error_Budget!$F$6 -> 0.59239991 | N21: =SUM($H$6:H21)/Error_Budget!$F$9 -> 0.50925926 | O21: =Window_Targets!$B$6 -> 0.999
A22: 46282 | B22: 39955 | C22: 14 | D22: 185 | E22: 2351 | F22: 1 | G22: 1440 | H22: 0 | J22: =1-C22/B22 -> 0.99964961 | K22: =1-D22/B22 -> 0.99536979 | L22: =1-F22/E22 -> 0.99957465 | M22: =SUM($C$6:C22)/Error_Budget!$F$6 -> 0.6059074 | N22: =SUM($H$6:H22)/Error_Budget!$F$9 -> 0.50925926 | O22: =Window_Targets!$B$6 -> 0.999
A23: 46283 | B23: 41179 | C23: 15 | D23: 128 | E23: 2505 | F23: 1 | G23: 1440 | H23: 0 | J23: =1-C23/B23 -> 0.99963574 | K23: =1-D23/B23 -> 0.99689162 | L23: =1-F23/E23 -> 0.9996008 | M23: =SUM($C$6:C23)/Error_Budget!$F$6 -> 0.62037971 | N23: =SUM($H$6:H23)/Error_Budget!$F$9 -> 0.50925926 | O23: =Window_Targets!$B$6 -> 0.999
A24: 46284 | B24: 14618 | C24: 4 | D24: 936 | E24: 818 | F24: 0 | G24: 1440 | H24: 0 | I24: INC-202 slow query after deploy: 6% of requests >= 300 ms | J24: =1-C24/B24 -> 0.99972636 | K24: =1-D24/B24 -> 0.93596935 | L24: =1-F24/E24 -> 1 | M24: =SUM($C$6:C24)/Error_Budget!$F$6 -> 0.624239 | N24: =SUM($H$6:H24)/Error_Budget!$F$9 -> 0.50925926 | O24: =Window_Targets!$B$6 -> 0.999
A25: 46285 | B25: 15623 | C25: 4 | D25: 55 | E25: 1000 | F25: 0 | G25: 1440 | H25: 0 | J25: =1-C25/B25 -> 0.99974397 | K25: =1-D25/B25 -> 0.99647955 | L25: =1-F25/E25 -> 1 | M25: =SUM($C$6:C25)/Error_Budget!$F$6 -> 0.62809828 | N25: =SUM($H$6:H25)/Error_Budget!$F$9 -> 0.50925926 | O25: =Window_Targets!$B$6 -> 0.999
A26: 46286 | B26: 40328 | C26: 14 | D26: 123 | E26: 2374 | F26: 1 | G26: 1440 | H26: 0 | J26: =1-C26/B26 -> 0.99965285 | K26: =1-D26/B26 -> 0.99695001 | L26: =1-F26/E26 -> 0.99957877 | M26: =SUM($C$6:C26)/Error_Budget!$F$6 -> 0.64160577 | N26: =SUM($H$6:H26)/Error_Budget!$F$9 -> 0.50925926 | O26: =Window_Targets!$B$6 -> 0.999
A27: 46287 | B27: 42438 | C27: 9 | D27: 178 | E27: 2488 | F27: 1 | G27: 1440 | H27: 0 | J27: =1-C27/B27 -> 0.99978793 | K27: =1-D27/B27 -> 0.99580565 | L27: =1-F27/E27 -> 0.99959807 | M27: =SUM($C$6:C27)/Error_Budget!$F$6 -> 0.65028916 | N27: =SUM($H$6:H27)/Error_Budget!$F$9 -> 0.50925926 | O27: =Window_Targets!$B$6 -> 0.999
A28: 46288 | B28: 42833 | C28: 13 | D28: 150 | E28: 2464 | F28: 1 | G28: 1440 | H28: 0 | J28: =1-C28/B28 -> 0.9996965 | K28: =1-D28/B28 -> 0.99649803 | L28: =1-F28/E28 -> 0.99959416 | M28: =SUM($C$6:C28)/Error_Budget!$F$6 -> 0.66283183 | N28: =SUM($H$6:H28)/Error_Budget!$F$9 -> 0.50925926 | O28: =Window_Targets!$B$6 -> 0.999
A29: 46289 | B29: 41203 | C29: 14 | D29: 197 | E29: 2583 | F29: 1 | G29: 1440 | H29: 0 | J29: =1-C29/B29 -> 0.99966022 | K29: =1-D29/B29 -> 0.99521879 | L29: =1-F29/E29 -> 0.99961285 | M29: =SUM($C$6:C29)/Error_Budget!$F$6 -> 0.67633932 | N29: =SUM($H$6:H29)/Error_Budget!$F$9 -> 0.50925926 | O29: =Window_Targets!$B$6 -> 0.999
A30: 46290 | B30: 42416 | C30: 210 | D30: 175 | E30: 2509 | F30: 41 | G30: 1440 | H30: 9 | I30: INC-203 bad config; rolled back via git revert in 9 min | J30: =1-C30/B30 -> 0.99504904 | K30: =1-D30/B30 -> 0.9958742 | L30: =1-F30/E30 -> 0.98365883 | M30: =SUM($C$6:C30)/Error_Budget!$F$6 -> 0.87895166 | N30: =SUM($H$6:H30)/Error_Budget!$F$9 -> 0.71759259 | O30: =Window_Targets!$B$6 -> 0.999
A31: 46291 | B31: 17329 | C31: 7 | D31: 67 | E31: 1063 | F31: 1 | G31: 1440 | H31: 0 | J31: =1-C31/B31 -> 0.99959605 | K31: =1-D31/B31 -> 0.99613365 | L31: =1-F31/E31 -> 0.99905927 | M31: =SUM($C$6:C31)/Error_Budget!$F$6 -> 0.88570541 | N31: =SUM($H$6:H31)/Error_Budget!$F$9 -> 0.71759259 | O31: =Window_Targets!$B$6 -> 0.999
A32: 46292 | B32: 13922 | C32: 3 | D32: 44 | E32: 854 | F32: 1 | G32: 1440 | H32: 0 | J32: =1-C32/B32 -> 0.99978451 | K32: =1-D32/B32 -> 0.99683953 | L32: =1-F32/E32 -> 0.99882904 | M32: =SUM($C$6:C32)/Error_Budget!$F$6 -> 0.88859987 | N32: =SUM($H$6:H32)/Error_Budget!$F$9 -> 0.71759259 | O32: =Window_Targets!$B$6 -> 0.999
A33: 46293 | B33: 41221 | C33: 12 | D33: 151 | E33: 2544 | F33: 1 | G33: 1440 | H33: 0 | J33: =1-C33/B33 -> 0.99970889 | K33: =1-D33/B33 -> 0.99633682 | L33: =1-F33/E33 -> 0.99960692 | M33: =SUM($C$6:C33)/Error_Budget!$F$6 -> 0.90017772 | N33: =SUM($H$6:H33)/Error_Budget!$F$9 -> 0.71759259 | O33: =Window_Targets!$B$6 -> 0.999
A34: 46294 | B34: 43855 | C34: 10 | D34: 139 | E34: 2842 | F34: 2 | G34: 1440 | H34: 0 | J34: =1-C34/B34 -> 0.99977198 | K34: =1-D34/B34 -> 0.99683046 | L34: =1-F34/E34 -> 0.99929627 | M34: =SUM($C$6:C34)/Error_Budget!$F$6 -> 0.90982593 | N34: =SUM($H$6:H34)/Error_Budget!$F$9 -> 0.71759259 | O34: =Window_Targets!$B$6 -> 0.999
A35: 46295 | B35: 41302 | C35: 9 | D35: 167 | E35: 2408 | F35: 1 | G35: 1440 | H35: 0 | J35: =1-C35/B35 -> 0.99978209 | K35: =1-D35/B35 -> 0.99595661 | L35: =1-F35/E35 -> 0.99958472 | M35: =SUM($C$6:C35)/Error_Budget!$F$6 -> 0.91850931 | N35: =SUM($H$6:H35)/Error_Budget!$F$9 -> 0.71759259 | O35: =Window_Targets!$B$6 -> 0.999
A36: Total | B36: =SUM(B6:B35) -> 1036462 | C36: =SUM(C6:C35) -> 952 | D36: =SUM(D6:D35) -> 5078 | E36: =SUM(E6:E35) -> 62193 | F36: =SUM(F6:F35) -> 189 | G36: =SUM(G6:G35) -> 43200 | H36: =SUM(H6:H35) -> 31

Sheet Error_Budget
A1: Error budget: allowed, consumed, remaining
A2: Budget = (1 - SLO) x eligible events. Status thresholds come from Window_Targets.
A3: Based on SYNTHETIC data (Synthetic_Daily). Not production measurements.
A5: SLI | B5: SLO target | C5: Eligible (window) | D5: Bad events | E5: Observed SLI | F5: Allowed bad (budget) | G5: Budget consumed | H5: Consumed % | I5: Budget remaining | J5: Remaining % | K5: Status | L5: Unit
A6: Availability (request-based) | B6: =Window_Targets!B6 -> 0.999 | C6: =SUM(Synthetic_Daily!$B$6:$B$35) -> 1036462 | D6: =SUM(Synthetic_Daily!$C$6:$C$35) -> 952 | E6: =1-D6/C6 -> 0.99908149 | F6: =C6*(1-B6) -> 1036.462 | G6: =D6 -> 952 | H6: =G6/F6 -> 0.91850931 | I6: =F6-G6 -> 84.462 | J6: =I6/F6 -> 0.081490687 | K6: =IF(J6<0,"EXHAUSTED - feature freeze",IF(J6<Window_Targets!$B$21,"FREEZE risky releases",IF(J6<Window_Targets!$B$20,"CAUTION - extra review","HEALTHY"))) -> FREEZE risky releases | L6: requests
A7: Latency (< 300 ms) | B7: =Window_Targets!B7 -> 0.99 | C7: =SUM(Synthetic_Daily!$B$6:$B$35) -> 1036462 | D7: =SUM(Synthetic_Daily!$D$6:$D$35) -> 5078 | E7: =1-D7/C7 -> 0.99510064 | F7: =C7*(1-B7) -> 10364.62 | G7: =D7 -> 5078 | H7: =G7/F7 -> 0.48993596 | I7: =F7-G7 -> 5286.62 | J7: =I7/F7 -> 0.51006404 | K7: =IF(J7<0,"EXHAUSTED - feature freeze",IF(J7<Window_Targets!$B$21,"FREEZE risky releases",IF(J7<Window_Targets!$B$20,"CAUTION - extra review","HEALTHY"))) -> HEALTHY | L7: requests
A8: Successful valid submissions | B8: =Window_Targets!B9 -> 0.995 | C8: =SUM(Synthetic_Daily!$E$6:$E$35) -> 62193 | D8: =SUM(Synthetic_Daily!$F$6:$F$35) -> 189 | E8: =1-D8/C8 -> 0.99696107 | F8: =C8*(1-B8) -> 310.965 | G8: =D8 -> 189 | H8: =G8/F8 -> 0.60778544 | I8: =F8-G8 -> 121.965 | J8: =I8/F8 -> 0.39221456 | K8: =IF(J8<0,"EXHAUSTED - feature freeze",IF(J8<Window_Targets!$B$21,"FREEZE risky releases",IF(J8<Window_Targets!$B$20,"CAUTION - extra review","HEALTHY"))) -> CAUTION - extra review | L8: submissions
A9: Availability (time-based) | B9: =Window_Targets!B6 -> 0.999 | C9: =SUM(Synthetic_Daily!$G$6:$G$35) -> 43200 | D9: =SUM(Synthetic_Daily!$H$6:$H$35) -> 31 | E9: =1-D9/C9 -> 0.99928241 | F9: =C9*(1-B9) -> 43.2 | G9: =D9 -> 31 | H9: =G9/F9 -> 0.71759259 | I9: =F9-G9 -> 12.2 | J9: =I9/F9 -> 0.28240741 | K9: =IF(J9<0,"EXHAUSTED - feature freeze",IF(J9<Window_Targets!$B$21,"FREEZE risky releases",IF(J9<Window_Targets!$B$20,"CAUTION - extra review","HEALTHY"))) -> CAUTION - extra review | L9: minutes
A11: How to read this
A12: Example (availability, request-based): budget = eligible requests x (1 - 0.999). Consumed % = 5xx errors / budget. Remaining % = 1 - consumed %. The time-based row works the same way in MINUTES: 43,200 x 0.001 = 43.2 allowed bad minutes. Status: >=50% remaining = HEALTHY, 25-50% = CAUTION, 0-25% = FREEZE risky releases, <0 = EXHAUSTED.

Sheet Observed_Local
A1: Observed: local load tests against the real API on kind
A2: Source: scripts/measure_slis.py -> reports/slo/*.json. Counts are blue inputs; SLIs are formulas.
A3: OBSERVED on a laptop (3,000 synthetic requests, ~90 s). Real code, NOT production traffic, NOT a 30-day window.
A5: Measure | B5: v0.1.0 (connection per request) | C5: v0.1.1 (connection pool) | D5: Notes
A6: Eligible /v1 requests (server) | B6: 3000 | C6: 3000 | D6: Prometheus counter deltas summed across both API pods.
A7: 5xx errors (server) | B7: 0 | C7: 0
A8: Requests <= 300 ms (server histogram) | B8: 2563 | C8: 3000
A9: Timed requests (server histogram) | B9: 3000 | C9: 3000
A10: Submissions created | B10: 707 | C10: 707
A11: Submissions conflict (409) | B11: 160 | C11: 160
A12: Submissions error (5xx) | B12: 0 | C12: 0
A13: Submissions rejected (422, not eligible) | B13: 294 | C13: 294
A14: Client p50 latency (ms) | B14: 210.4 | C14: 64.1 | D14: Measured by the load generator (includes network/NodePort).
A15: Client p95 latency (ms) | B15: 402.6 | C15: 116.7
A16: Client p99 latency (ms) | B16: 501.9 | C16: 157.4
A17: SLI (formula) | B17: v0.1.0 | C17: v0.1.1 | D17: Meets SLO?
A18: Availability SLI | B18: =1-B7/B6 -> 1 | C18: =1-C7/C6 -> 1 | D18: ="v0.1.0: "&IF(B18>=Window_Targets!$B$6,"yes","NO")&" v0.1.1: "&IF(C18>=Window_Targets!$B$6,"yes","NO") -> v0.1.0: yes v0.1.1: yes
A19: Latency SLI (<= 300 ms) | B19: =B8/B9 -> 0.85433333 | C19: =C8/C9 -> 1 | D19: ="v0.1.0: "&IF(B19>=Window_Targets!$B$7,"yes","NO")&" v0.1.1: "&IF(C19>=Window_Targets!$B$7,"yes","NO") -> v0.1.0: NO v0.1.1: yes
A20: Submission SLI | B20: =(B10+B11)/(B10+B11+B12) -> 1 | C20: =(C10+C11)/(C10+C11+C12) -> 1 | D20: ="v0.1.0: "&IF(B20>=Window_Targets!$B$9,"yes","NO")&" v0.1.1: "&IF(C20>=Window_Targets!$B$9,"yes","NO") -> v0.1.0: yes v0.1.1: yes
A22: Finding: the first load test showed only ~85% of requests under 300 ms, so the latency SLO would have been violated. Root cause: a new PostgreSQL connection per request. Fix: a connection pool (v0.1.1), shipped through the full pipeline (Trivy, SBOM, Cosign) and deployed by a GitOps commit. Re-measured: 100% under 300 ms, p50 down from ~210 ms to ~64 ms. This is the observability loop working: measure -> find -> fix -> verify.

Sheet Error_Budget_Policy
A1: Error budget policy
A2: Agreed between product and engineering; reviewed monthly.
A4: Budget remaining | B4: State | C4: What the team does
A5: >= 50% | B5: HEALTHY | C5: Ship normally. Planned risky work (migrations, dependency majors) is allowed.
A6: 25% - 50% | B6: CAUTION | C6: Risky changes need a second reviewer + rollback plan; deploy in business hours only; prioritise the top reliability ticket in the next sprint.
A7: 0% - 25% | B7: FREEZE risky releases | C7: Only low-risk changes, bug fixes and reliability work. Every deploy gets canary verification. Postmortem actions take priority over features.
A8: < 0% (exhausted) | B8: EXHAUSTED - feature freeze | C8: Feature releases stop until the 30-day window recovers above 0%. Only fixes, security patches and reliability work ship. Escalate to CTO; incident review required.
A9: Fast-burn alert | B9: PAGE | C9: A 14.4x burn (2% of budget in 1 h) pages on-call immediately - see runbook.
A11: Exceptions: security fixes and changes that IMPROVE reliability may always ship. The policy applies per SLO: if only latency is in FREEZE, performance-risky changes pause, unrelated UI copy changes can still ship.

Sheet Explanation
A1: What the numbers mean
A2: Text below is generated from live formulas where it quotes numbers.
A4: ="Availability (request-based): "&TEXT(Error_Budget!D6,"#,##0")&" failed requests out of "&TEXT(Error_Budget!C6,"#,##0")&" eligible. Budget allowed "&TEXT(Error_Budget!F6,"#,##0")&" failures, so "&TEXT(Error_Budget!H6,"0.0%")&" of the budget is used -> "&Error_Budget!K6&"." -> Availability (request-based): 952 failed requests out of 1,036,462 eligible. Budget allowed 1,036 failures, so 91.9% of the budget is used -> FREEZE risky releases.
A5: ="Availability (time-based): "&TEXT(Error_Budget!D9,"0")&" bad minutes out of an allowed "&TEXT(Error_Budget!F9,"0.0")&" minutes ("&TEXT(Error_Budget!H9,"0.0%")&" used) -> "&Error_Budget!K9&"." -> Availability (time-based): 31 bad minutes out of an allowed 43.2 minutes (71.8% used) -> CAUTION - extra review.
A6: ="Latency: "&TEXT(Error_Budget!D7,"#,##0")&" slow requests vs. "&TEXT(Error_Budget!F7,"#,##0")&" allowed ("&TEXT(Error_Budget!H7,"0.0%")&" used) -> "&Error_Budget!K7&". Most came from INC-202 on 19 Sep." -> Latency: 5,078 slow requests vs. 10,365 allowed (49.0% used) -> HEALTHY. Most came from INC-202 on 19 Sep.
A7: ="Submissions: "&TEXT(Error_Budget!D8,"#,##0")&" failed valid bookings vs. "&TEXT(Error_Budget!F8,"#,##0")&" allowed ("&TEXT(Error_Budget!H8,"0.0%")&" used) -> "&Error_Budget!K8&"." -> Submissions: 189 failed valid bookings vs. 311 allowed (60.8% used) -> CAUTION - extra review.
A8: Interpretation: two incidents (INC-201 PostgreSQL failover, INC-203 bad config) consumed most of the availability budget. Under the policy the team should freeze risky releases, finish the INC-201 postmortem actions (connection pooling + DB failover testing) and add config validation to CI before resuming feature work.
A9: Why 99.9% and not 99.99%? 99.99% allows only 4.3 minutes of downtime per 30 days - unrealistic for a small startup team with one region and manual on-call. 99.9% (43.2 min) is a common starting point for a patient-facing booking API; tighten it once 3 months of real data exist.
A10: Limitation: all monthly figures are SYNTHETIC. The Observed_Local sheet is real measurement of the real code, but on a laptop for ~90 seconds - it shows the method works, not production reliability.

Sheet Checks
A1: Independent calculation checks
A3: Overall | B3: =IF(COUNTIF(E6:E40,"FAIL")=0,"ALL CHECKS PASS","CHECK FAILURES") -> ALL CHECKS PASS
A5: Check | B5: Workbook formula value | C5: Independent Python value | D5: Abs. difference | E5: Result
A6: Allowed downtime minutes (99.9%, 30 d) = 43.2 | B6: =Window_Targets!B10 -> 43.2 | C6: 43.2 | D6: =ABS(B6-C6) -> 0 | E6: =IF(D6<=0.000000001,"PASS","FAIL") -> PASS
A7: Total eligible requests | B7: =Error_Budget!C6 -> 1036462 | C7: 1036462 | D7: =ABS(B7-C7) -> 0 | E7: =IF(D7<=0.000000001,"PASS","FAIL") -> PASS
A8: Total 5xx errors | B8: =Error_Budget!D6 -> 952 | C8: 952 | D8: =ABS(B8-C8) -> 0 | E8: =IF(D8<=0.000000001,"PASS","FAIL") -> PASS
A9: Availability SLI (request) | B9: =Error_Budget!E6 -> 0.99908149 | C9: 0.99908149 | D9: =ABS(B9-C9) -> 0 | E9: =IF(D9<=0.000000001,"PASS","FAIL") -> PASS
A10: Allowed failed requests | B10: =Error_Budget!F6 -> 1036.462 | C10: 1036.462 | D10: =ABS(B10-C10) -> 0 | E10: =IF(D10<=0.000000001,"PASS","FAIL") -> PASS
A11: Availability budget consumed % | B11: =Error_Budget!H6 -> 0.91850931 | C11: 0.91850931 | D11: =ABS(B11-C11) -> 0 | E11: =IF(D11<=0.000000001,"PASS","FAIL") -> PASS
A12: Availability budget remaining % | B12: =Error_Budget!J6 -> 0.081490687 | C12: 0.081490687 | D12: =ABS(B12-C12) -> 0 | E12: =IF(D12<=0.000000001,"PASS","FAIL") -> PASS
A13: Latency budget consumed % | B13: =Error_Budget!H7 -> 0.48993596 | C13: 0.48993596 | D13: =ABS(B13-C13) -> 5.5511151e-17 | E13: =IF(D13<=0.000000001,"PASS","FAIL") -> PASS
A14: Submission budget consumed % | B14: =Error_Budget!H8 -> 0.60778544 | C14: 0.60778544 | D14: =ABS(B14-C14) -> 0 | E14: =IF(D14<=0.000000001,"PASS","FAIL") -> PASS
A15: Time-based minutes in window | B15: =Error_Budget!C9 -> 43200 | C15: 43200 | D15: =ABS(B15-C15) -> 0 | E15: =IF(D15<=0.000000001,"PASS","FAIL") -> PASS
A16: Downtime budget consumed % | B16: =Error_Budget!H9 -> 0.71759259 | C16: 0.71759259 | D16: =ABS(B16-C16) -> 0 | E16: =IF(D16<=0.000000001,"PASS","FAIL") -> PASS
A17: Cumulative availability budget at day 30 | B17: =Synthetic_Daily!M35 -> 0.91850931 | C17: 0.91850931 | D17: =ABS(B17-C17) -> 0 | E17: =IF(D17<=0.000000001,"PASS","FAIL") -> PASS
A18: Local latency SLI v0.1.0 | B18: =Observed_Local!B19 -> 0.85433333 | C18: 0.85433333 | D18: =ABS(B18-C18) -> 0 | E18: =IF(D18<=0.000000001,"PASS","FAIL") -> PASS
A19: Local latency SLI v0.1.1 | B19: =Observed_Local!C19 -> 1 | C19: 1 | D19: =ABS(B19-C19) -> 0 | E19: =IF(D19<=0.000000001,"PASS","FAIL") -> PASS
